MeterID,Zone,ConsumerType,Date,EnergyConsumed_kWh,PeakUsage_kWh,OutageMinutes,MeterStatus,TariffRate
MTR0001,East,Residential,11/24/2025,3108.34,301.44,145,Faulty,7.75
MTR0002,West,Residential,2/27/2025,4351.08,261.91,154,Active,7.42
MTR0003,Central,Industrial,1/13/2025,2874.52,118.59,54,Active,4.89
MTR0004,West,Commercial,5/21/2025,200.42,12.47,119,Active,4.74
MTR0005,West,Residential,5/6/2025,4658.2,104.94,74,Active,9.59
MTR0006,South,Industrial,4/25/2025,3463.16,173.03,20,Faulty,5.09
MTR0007,Central,Commercial,3/13/2025,3398.74,225.54,171,Active,8.43
MTR0008,Central,Residential,2/22/2025,1117.59,60.35,132,Faulty,5.75
MTR0009,Central,Commercial,12/13/2025,3311.48,152.86,86,Faulty,3.97
MTR0010,West,Industrial,10/7/2025,1999.63,198.86,168,Faulty,3.08
MTR0011,East,Residential,2/14/2025,3273.6,292.1,58,Active,6.81
MTR0012,Central,Commercial,10/30/2025,577.64,38.19,88,Faulty,9.83
MTR0013,West,Residential,8/5/2025,3306.33,202.49,149,Active,5.58
MTR0014,South,Commercial,1/17/2025,4997.1,329.11,82,Active,5.5
MTR0015,East,Industrial,1/16/2025,288.65,8.12,64,Active,5.41
MTR0016,South,Industrial,2/17/2025,4887.01,222.66,63,Faulty,6.64
MTR0017,East,Residential,4/22/2025,2064.19,27.97,70,Active,6.08
MTR0018,West,Commercial,4/30/2025,4360.23,230.22,3,Active,9.16
MTR0019,North,Residential,9/16/2025,3922.81,230.94,142,Active,6.54
MTR0020,East,Residential,11/5/2025,2856.73,87.12,103,Faulty,6.55
MTR0021,South,Commercial,1/14/2025,3705.32,358.54,149,Faulty,3.97
MTR0022,West,Commercial,10/15/2025,4398.65,404.02,174,Faulty,9.88
MTR0023,East,Commercial,4/12/2025,2050.49,153.77,92,Active,4.75
MTR0024,North,Industrial,11/29/2025,1668.81,96.8,173,Faulty,3.51
MTR0025,North,Residential,12/26/2025,3354.59,296.2,141,Active,7.64
MTR0026,Central,Residential,10/7/2025,4048.84,88.1,177,Active,7.17
MTR0027,Central,Industrial,8/3/2025,3823.31,310.25,147,Faulty,5.91
MTR0028,South,Commercial,4/23/2025,3999.18,84.92,177,Active,5.96
MTR0029,East,Industrial,8/18/2025,2206.14,179.75,111,Faulty,8.5
MTR0030,East,Industrial,10/29/2025,4098.28,142.7,160,Active,4.37
MTR0031,Central,Industrial,5/23/2025,645.03,57.37,118,Faulty,8.74
MTR0032,East,Residential,1/4/2025,2745.22,260.7,58,Active,7.54
MTR0033,East,Industrial,3/23/2025,78.51,1.84,42,Active,5.93
MTR0034,North,Residential,12/24/2025,1656.7,85.55,11,Active,6.21
MTR0035,Central,Residential,8/5/2025,1863.98,183.21,39,Active,4.8
MTR0036,West,Residential,6/24/2025,2011.05,107.6,117,Active,8.26
MTR0037,Central,Commercial,5/23/2025,3492.56,306.36,19,Faulty,6.59
MTR0038,West,Residential,3/21/2025,1973.36,124.29,165,Active,5.25
MTR0039,North,Residential,4/21/2025,2271.03,99.42,130,Faulty,7.17
MTR0040,South,Commercial,6/22/2025,1225.84,43.79,155,Faulty,9.97
MTR0041,East,Residential,2/22/2025,1897.6,53.68,89,Faulty,6.05
MTR0042,North,Industrial,2/17/2025,1174.98,92.31,93,Active,9.44
MTR0043,East,Industrial,7/14/2025,412.32,18.47,12,Active,5.42
MTR0044,South,Residential,2/19/2025,3037.07,170.12,65,Active,3.38
MTR0045,South,Commercial,7/3/2025,3357.65,182.35,36,Faulty,4.43
MTR0046,North,Industrial,6/26/2025,3116.48,193.08,176,Active,5.93
MTR0047,South,Commercial,11/6/2025,2344.3,206.07,65,Active,4.54
MTR0048,West,Commercial,5/16/2025,1929.94,189.65,35,Faulty,3
MTR0049,South,Industrial,1/23/2025,4323.5,201.83,25,Faulty,9.41
MTR0050,East,Commercial,8/24/2025,2619.45,221.28,74,Faulty,8.91
MTR0051,East,Industrial,10/2/2025,2421.95,190.87,107,Faulty,8.2
MTR0052,East,Commercial,3/5/2025,176.93,10.9,167,Faulty,4.17
MTR0053,East,Industrial,7/13/2025,1739.18,167.04,42,Faulty,3.84
MTR0054,West,Residential,2/10/2025,1931.97,54.18,149,Active,3.47
MTR0055,Central,Industrial,10/10/2025,2024.17,40.15,147,Faulty,8.07
MTR0056,North,Industrial,5/31/2025,2921.85,253.78,7,Active,9.5
MTR0057,East,Industrial,11/18/2025,2691.33,133.28,28,Active,6.01
MTR0058,South,Industrial,11/13/2025,3059.13,263.78,39,Active,3.83
MTR0059,East,Commercial,7/5/2025,3836.17,346.71,157,Faulty,6.59
MTR0060,South,Residential,10/23/2025,4074.28,63.65,127,Active,5.44
MTR0061,South,Industrial,4/9/2025,3604.71,322.66,83,Faulty,5.62
MTR0062,East,Commercial,12/27/2025,4779.84,240.66,115,Faulty,7.35
MTR0063,West,Residential,2/5/2025,140.25,7.85,143,Active,8.03
MTR0064,South,Residential,1/24/2025,1019.1,67.66,173,Faulty,3.77
MTR0065,South,Residential,12/5/2025,87.44,8.16,61,Active,3.25
MTR0066,East,Residential,4/27/2025,3255,38.15,6,Active,9.96
MTR0067,South,Industrial,5/29/2025,4495.25,237.87,44,Faulty,4.63
MTR0068,South,Industrial,2/10/2025,1255.24,90.25,175,Active,3.38
MTR0069,East,Commercial,4/30/2025,4638.82,348.11,154,Active,4.33
MTR0070,East,Commercial,2/21/2025,348.32,25.19,180,Active,3.27
MTR0071,North,Commercial,7/14/2025,4675.46,103.32,87,Faulty,5.74
MTR0072,West,Residential,5/23/2025,1790.53,66.15,72,Active,8.62
MTR0073,West,Residential,8/21/2025,552.03,23.34,162,Faulty,5.39
MTR0074,South,Industrial,11/22/2025,2455.07,202.3,178,Faulty,6.11
MTR0075,West,Residential,7/6/2025,1321.04,46.35,36,Active,7.73
MTR0076,South,Residential,3/25/2025,1460.12,42.29,118,Active,6.56
MTR0077,North,Residential,7/9/2025,1571.09,151.09,56,Faulty,9.03
MTR0078,East,Commercial,7/1/2025,4024.98,43.46,7,Faulty,9.06
MTR0079,East,Commercial,4/18/2025,2718.85,271.35,94,Active,3.07
MTR0080,East,Industrial,12/10/2025,1590.97,112.82,116,Active,8.45
MTR0081,West,Residential,5/17/2025,3071.15,259.7,109,Faulty,6.23
MTR0082,North,Residential,12/26/2025,3594.95,131.27,19,Faulty,9.92
MTR0083,West,Industrial,12/16/2025,1399.49,15.8,123,Faulty,6.38
MTR0084,West,Residential,11/28/2025,2097.07,160.23,52,Faulty,9.91
MTR0085,North,Residential,2/6/2025,653.34,55.58,118,Faulty,8.28
MTR0086,North,Commercial,11/8/2025,946.69,72.56,11,Active,4.74
MTR0087,North,Industrial,11/22/2025,3421.53,78.2,176,Faulty,6.77
MTR0088,North,Industrial,3/29/2025,948.12,73.77,16,Faulty,9.94
MTR0089,East,Industrial,10/1/2025,2649.56,209.85,63,Active,9
MTR0090,Central,Industrial,5/6/2025,3559.78,246.58,41,Active,3.68
MTR0091,Central,Commercial,3/25/2025,579.04,45.72,93,Faulty,7.94
MTR0092,North,Commercial,8/25/2025,2858.2,246.19,156,Faulty,5.42
MTR0093,Central,Residential,7/14/2025,1319.99,86.1,146,Active,3.05
MTR0094,Central,Residential,5/19/2025,4816.49,86.57,10,Faulty,5.82
MTR0095,North,Residential,11/24/2025,2443.55,131.67,97,Faulty,4.64
MTR0096,Central,Residential,12/19/2025,4039.66,68.63,177,Active,8.73
MTR0097,West,Commercial,10/13/2025,2773.62,129.47,70,Faulty,5.36
MTR0098,South,Industrial,4/23/2025,264.89,12.35,107,Active,8.79
MTR0099,South,Commercial,12/17/2025,3184.1,50.76,57,Active,3
MTR0100,North,Residential,6/16/2025,4759.45,197.01,33,Active,5.15
MTR0101,East,Commercial,1/29/2025,3027.98,60.53,19,Active,4.69
MTR0102,North,Industrial,4/28/2025,4104.98,339.65,49,Faulty,4.63
MTR0103,East,Industrial,1/17/2025,4426.82,421.84,101,Active,3.48
MTR0104,South,Commercial,6/11/2025,1178.99,19.46,137,Faulty,4.31
MTR0105,North,Commercial,7/25/2025,1099.62,105.52,159,Faulty,6.89
MTR0106,West,Commercial,5/18/2025,3074.36,175.34,51,Faulty,5.04
MTR0107,Central,Residential,2/3/2025,2084.59,77.05,14,Faulty,5.92
MTR0108,East,Commercial,4/19/2025,4207.31,71.18,83,Faulty,5.64
MTR0109,Central,Commercial,10/18/2025,4505.11,248.03,130,Active,9.13
MTR0110,Central,Commercial,6/11/2025,1799.44,146.67,36,Active,9.34
MTR0111,North,Industrial,4/19/2025,1222.51,90.02,125,Active,6.45
MTR0112,Central,Industrial,12/2/2025,3913.6,56.83,39,Active,5.31
MTR0113,West,Residential,9/13/2025,1410.29,23.36,71,Faulty,3.75
MTR0114,Central,Residential,7/22/2025,4121.94,190.68,39,Active,9.67
MTR0115,North,Industrial,11/26/2025,2147.5,78.55,55,Faulty,3.42
MTR0116,West,Industrial,8/23/2025,3354.37,103.7,150,Faulty,5.08
MTR0117,South,Industrial,3/15/2025,522.9,18.45,103,Active,5.09
MTR0118,Central,Commercial,5/16/2025,3138.1,258.31,138,Active,5.24
MTR0119,North,Commercial,3/13/2025,2286.25,214.06,109,Active,4.15
MTR0120,South,Industrial,5/7/2025,2953.71,137.23,135,Active,8.48
MTR0121,South,Commercial,10/15/2025,881.67,80.72,92,Faulty,3.86
MTR0122,East,Commercial,10/3/2025,3697.53,143.96,93,Faulty,7.44
MTR0123,West,Residential,5/15/2025,4320.85,228.48,55,Active,3.87
MTR0124,Central,Industrial,10/27/2025,1122.86,34.07,59,Faulty,3.49
MTR0125,North,Industrial,8/8/2025,523.79,35.43,137,Faulty,9.37
MTR0126,East,Commercial,10/26/2025,167.01,16.39,38,Faulty,4.33
MTR0127,West,Industrial,7/24/2025,3227.76,207.59,27,Active,8.75
MTR0128,East,Residential,7/5/2025,3055.12,128.94,48,Faulty,6.81
MTR0129,West,Residential,4/23/2025,2756.15,188.25,163,Active,3.54
MTR0130,West,Residential,3/12/2025,1198.14,25.24,124,Active,9.69
MTR0131,Central,Industrial,9/18/2025,1984.98,178.61,12,Faulty,4.73
MTR0132,West,Industrial,9/10/2025,2992.66,165.43,35,Faulty,9.02
MTR0133,East,Industrial,2/16/2025,2509,126.56,100,Active,4.18
MTR0134,West,Industrial,1/25/2025,4939.54,309.85,25,Faulty,8.98
MTR0135,Central,Industrial,2/26/2025,725.38,48.04,85,Faulty,3.09
MTR0136,Central,Residential,3/20/2025,3490.97,57.46,3,Active,6.58
MTR0137,East,Commercial,11/18/2025,2051.38,146.54,81,Active,8.39
MTR0138,South,Residential,3/23/2025,2169.59,68.94,165,Active,9.54
MTR0139,South,Industrial,12/15/2025,3602.11,267.48,126,Active,9.36
MTR0140,West,Residential,8/5/2025,3477.56,292.21,87,Faulty,8.74
MTR0141,North,Industrial,11/2/2025,4956.72,408.22,126,Faulty,9.22
MTR0142,West,Industrial,2/2/2025,685.55,40.94,119,Active,4.39
MTR0143,East,Residential,7/17/2025,565.34,32.12,21,Active,4.99
MTR0144,East,Industrial,7/15/2025,3635.48,83.1,129,Active,5.02
MTR0145,East,Commercial,11/2/2025,2913.02,232.4,30,Faulty,5.64
MTR0146,East,Industrial,8/28/2025,1407.1,48.44,118,Active,5.75
MTR0147,East,Commercial,9/28/2025,443.13,24.24,10,Faulty,6.81
MTR0148,Central,Commercial,5/9/2025,474.01,16.87,45,Active,4.12
MTR0149,South,Industrial,10/11/2025,4476.24,98.68,95,Active,7.84
MTR0150,East,Residential,1/6/2025,999.74,66.64,9,Active,4.17
MTR0151,North,Commercial,12/15/2025,1650.69,24.58,167,Faulty,5.17
MTR0152,North,Residential,2/28/2025,1171.95,90.68,127,Faulty,6.52
MTR0153,North,Commercial,12/16/2025,1807.23,69.73,151,Faulty,8.58
MTR0154,North,Industrial,10/2/2025,393.65,3.94,98,Active,8.18
MTR0155,Central,Industrial,5/17/2025,2619.35,146.69,171,Faulty,7.52
MTR0156,North,Commercial,11/25/2025,384.68,5.47,111,Faulty,4.09
MTR0157,East,Industrial,6/24/2025,4011.76,139.83,59,Active,6.83
MTR0158,West,Commercial,2/27/2025,1206.87,88.86,86,Active,3.61
MTR0159,North,Industrial,5/31/2025,2723.06,42.59,144,Faulty,5.64
MTR0160,Central,Residential,8/11/2025,4406.39,376.92,64,Faulty,5.89
MTR0161,Central,Industrial,3/22/2025,3271.84,33.84,56,Faulty,3.28
MTR0162,North,Residential,8/21/2025,2688.14,86.6,105,Faulty,4.92
MTR0163,West,Industrial,1/2/2025,1655.45,126.94,180,Active,9.69
MTR0164,North,Residential,5/15/2025,1698.36,65.33,8,Active,9.68
MTR0165,Central,Industrial,9/14/2025,3363.96,64.49,21,Active,5.47
MTR0166,South,Residential,4/2/2025,4970.99,210.87,140,Faulty,3.3
MTR0167,East,Commercial,9/17/2025,3326.1,114.2,88,Faulty,4.25
MTR0168,Central,Commercial,2/24/2025,2811.03,241.31,175,Active,5.75
MTR0169,North,Residential,11/17/2025,3666.72,140.07,17,Active,9.63
MTR0170,East,Industrial,6/2/2025,2352.77,190.58,114,Faulty,3.99
MTR0171,North,Residential,11/24/2025,347.7,31.39,167,Faulty,8.34
MTR0172,North,Industrial,9/17/2025,2833.37,138.96,144,Active,3.76
MTR0173,South,Commercial,11/8/2025,4790.25,440.2,142,Active,9.87
MTR0174,East,Industrial,4/12/2025,917.75,40.34,105,Active,5.67
MTR0175,East,Commercial,3/20/2025,3465.52,335.35,14,Faulty,8.43
MTR0176,South,Industrial,7/11/2025,1044.62,18.84,62,Faulty,5.4
MTR0177,Central,Industrial,3/24/2025,2702.35,194.11,166,Faulty,7.39
MTR0178,North,Industrial,10/4/2025,528.55,28.78,12,Faulty,4.34
MTR0179,West,Residential,9/29/2025,2279.34,102.32,80,Faulty,4.02
MTR0180,North,Residential,1/1/2025,3793.01,253.92,31,Faulty,9.57
MTR0181,North,Commercial,11/3/2025,1770.48,129.86,136,Active,9.42
MTR0182,Central,Commercial,6/15/2025,3341.31,34.73,39,Active,9.21
MTR0183,North,Residential,9/8/2025,3987.48,99.79,147,Faulty,7.38
MTR0184,South,Commercial,1/10/2025,4639.53,344.13,81,Active,8.66
MTR0185,South,Residential,2/27/2025,1211.48,84.77,76,Faulty,3.48
MTR0186,East,Industrial,7/5/2025,2026.61,196.47,75,Active,5.34
MTR0187,West,Commercial,6/7/2025,804.46,63.14,171,Faulty,5.2
MTR0188,North,Commercial,5/3/2025,4962.79,474.29,37,Active,7.45
MTR0189,North,Residential,1/30/2025,4638.65,339.68,70,Active,5.49
MTR0190,Central,Commercial,5/4/2025,2722.79,100.27,47,Faulty,4.04
MTR0191,South,Commercial,10/18/2025,4218.06,82.18,17,Faulty,7.18
MTR0192,West,Industrial,2/10/2025,2628.74,211.26,143,Active,8.7
MTR0193,East,Commercial,2/13/2025,3136.75,213.22,38,Active,5.67
MTR0194,South,Industrial,9/6/2025,491.17,7.04,88,Faulty,3.93
MTR0195,East,Residential,2/5/2025,3788.59,160.65,61,Active,4.38
MTR0196,Central,Commercial,9/30/2025,682.18,65.57,140,Faulty,4.66
MTR0197,Central,Industrial,3/6/2025,4139.03,227.8,108,Faulty,5.1
MTR0198,North,Residential,3/7/2025,3921.04,191.92,80,Active,7.5
MTR0199,West,Commercial,12/4/2025,3558.29,182.16,133,Faulty,7.21
MTR0200,East,Residential,9/1/2025,228.99,6.59,76,Active,7.87
MTR0201,South,Commercial,10/9/2025,1550.49,66.96,89,Active,5.54
MTR0202,Central,Residential,3/26/2025,1352.41,58.54,13,Faulty,8.77
MTR0203,North,Residential,5/16/2025,1832.68,26.96,94,Active,4.43
MTR0204,North,Industrial,9/28/2025,483.83,38.26,53,Faulty,6.28
MTR0205,East,Residential,11/7/2025,4687.94,222.61,131,Faulty,8.61
MTR0206,Central,Commercial,8/5/2025,2791.32,234.46,38,Faulty,4.26
MTR0207,West,Commercial,4/19/2025,1562.35,135.19,71,Active,3.77
MTR0208,Central,Industrial,10/4/2025,2015.06,58.6,24,Faulty,9.19
MTR0209,East,Commercial,12/20/2025,2263.65,156.56,76,Active,5.4
MTR0210,East,Commercial,4/13/2025,3022.94,158.72,159,Faulty,7.79
MTR0211,Central,Commercial,6/9/2025,2602.61,232.19,165,Faulty,3.18
MTR0212,East,Residential,7/24/2025,4600.99,135.35,119,Faulty,7.83
MTR0213,Central,Residential,12/10/2025,2509.97,178.22,52,Active,5.21
MTR0214,South,Commercial,11/29/2025,4961.18,320.98,155,Active,3.39
MTR0215,Central,Industrial,7/11/2025,4264.55,155.99,130,Faulty,7.27
MTR0216,Central,Residential,8/13/2025,1082.13,24.13,149,Faulty,4.69
MTR0217,East,Industrial,9/22/2025,4656.45,319.65,95,Active,5.71
MTR0218,East,Commercial,8/20/2025,626.01,47.87,165,Active,3.56
MTR0219,North,Commercial,3/3/2025,4096.38,157.33,71,Active,4.03
MTR0220,North,Residential,5/7/2025,1934.09,131.59,61,Faulty,5.09
MTR0221,South,Commercial,4/26/2025,4395.97,200.29,5,Active,3.63
MTR0222,North,Residential,2/2/2025,4346.88,322.49,31,Faulty,9.38
MTR0223,Central,Commercial,6/23/2025,4039.33,112.82,98,Active,3.04
MTR0224,East,Commercial,1/11/2025,3960.65,356.93,137,Faulty,6.39
MTR0225,North,Residential,10/29/2025,1558.16,55.89,130,Faulty,3.86
MTR0226,North,Residential,10/11/2025,450.55,19.42,75,Faulty,5.15
MTR0227,South,Residential,4/28/2025,2044.75,31.14,176,Active,9.48
MTR0228,South,Commercial,10/29/2025,908.95,18.21,58,Active,4.13
MTR0229,Central,Commercial,4/23/2025,3490.01,196.93,30,Active,9.76
MTR0230,East,Industrial,1/4/2025,1763.19,60.1,92,Faulty,4.44
MTR0231,South,Residential,2/6/2025,4879.27,415.68,68,Faulty,8.19
MTR0232,North,Commercial,12/29/2025,3222.81,36.49,51,Active,6.83
MTR0233,East,Commercial,11/20/2025,4121.28,181.82,88,Faulty,9.19
MTR0234,East,Residential,1/31/2025,706,28.49,126,Faulty,6.88
MTR0235,North,Industrial,4/28/2025,4316.97,50.68,168,Faulty,6.74
MTR0236,South,Residential,2/4/2025,4617.65,97.86,30,Active,4.37
MTR0237,North,Industrial,1/17/2025,2460.96,116.23,83,Faulty,4.16
MTR0238,East,Commercial,6/19/2025,3050.95,165.84,126,Active,9.42
MTR0239,West,Industrial,2/6/2025,3835.81,177.93,149,Active,5.29
MTR0240,West,Commercial,9/21/2025,915.45,52.9,131,Active,5.6
MTR0241,Central,Residential,5/2/2025,2537.7,161.3,12,Active,8.32
MTR0242,North,Residential,5/23/2025,2023.38,22.04,44,Active,5.37
MTR0243,North,Residential,12/9/2025,774.55,40.1,126,Faulty,9.66
MTR0244,Central,Industrial,9/6/2025,1869.3,180.79,169,Active,8.17
MTR0245,Central,Commercial,4/20/2025,387.45,21.97,113,Active,7.18
MTR0246,Central,Residential,10/4/2025,177.77,12.62,176,Active,9.17
MTR0247,East,Residential,3/9/2025,719.07,27.37,19,Faulty,3.35
MTR0248,North,Commercial,10/20/2025,4817.42,383.75,80,Faulty,4.8
MTR0249,East,Residential,10/23/2025,2770.17,220.4,163,Faulty,6.26
MTR0250,Central,Commercial,8/31/2025,4830.82,274.95,128,Faulty,4.59
MTR0251,North,Commercial,5/5/2025,2190.86,214.36,142,Active,8.21
MTR0252,East,Commercial,8/31/2025,1593.49,33.94,16,Active,9.43
MTR0253,East,Commercial,7/28/2025,2555.4,29.45,151,Faulty,5.97
MTR0254,Central,Commercial,4/8/2025,2225.58,176.52,57,Faulty,5.39
MTR0255,North,Industrial,2/18/2025,573.04,47.36,71,Faulty,9.73
MTR0256,Central,Residential,2/19/2025,3222.09,67.08,108,Faulty,6.11
MTR0257,North,Industrial,12/4/2025,1119.39,37.95,22,Active,6.42
MTR0258,West,Residential,8/9/2025,3116.96,36.09,173,Faulty,5.46
MTR0259,South,Industrial,7/1/2025,3268.5,118.97,71,Faulty,9.37
MTR0260,South,Commercial,8/5/2025,802.52,63.87,7,Faulty,6.98
MTR0261,South,Residential,7/30/2025,353.68,20.02,58,Faulty,8.34
MTR0262,Central,Residential,8/28/2025,3914.77,161.79,110,Faulty,8.68
MTR0263,West,Industrial,1/28/2025,2326.01,101.08,12,Faulty,5.39
MTR0264,North,Industrial,12/11/2025,337.91,3.42,166,Faulty,6.04
MTR0265,East,Residential,12/1/2025,4974.59,183.97,155,Active,8.94
MTR0266,North,Industrial,11/27/2025,336.01,22.91,15,Active,5.54
MTR0267,East,Industrial,2/20/2025,3490.42,340.94,118,Active,8.56
MTR0268,North,Industrial,2/1/2025,4919.21,424.21,1,Active,9.59
MTR0269,West,Commercial,7/26/2025,1233.94,14.96,144,Active,7.36
MTR0270,East,Commercial,6/23/2025,754.13,68.53,29,Active,8.19
MTR0271,Central,Industrial,2/25/2025,650.86,52.39,102,Faulty,8.64
MTR0272,North,Industrial,5/8/2025,1551.21,124.46,12,Faulty,8.92
MTR0273,North,Commercial,4/9/2025,550.18,28.18,95,Active,5.77
MTR0274,East,Commercial,4/8/2025,3476.2,159.28,93,Faulty,3.36
MTR0275,Central,Residential,10/2/2025,358.34,13.35,81,Active,5.81
MTR0276,Central,Residential,8/18/2025,2571.64,40.92,12,Faulty,7.72
MTR0277,West,Commercial,3/13/2025,4983.65,152.21,170,Faulty,6.15
MTR0278,Central,Industrial,8/5/2025,4079.15,131.33,93,Faulty,8.24
MTR0279,Central,Industrial,4/4/2025,3095.34,165.81,148,Faulty,5.5
MTR0280,Central,Industrial,5/23/2025,1565.96,121,111,Faulty,7.44
MTR0281,South,Industrial,8/25/2025,3138.28,165.21,54,Faulty,4.3
MTR0282,West,Residential,5/8/2025,2658.86,40.43,80,Active,8.25
MTR0283,North,Commercial,2/8/2025,2159.11,207.71,167,Active,6.82
MTR0284,East,Industrial,8/15/2025,697.02,66.11,115,Faulty,4.43
MTR0285,North,Residential,10/9/2025,4438.69,358.06,142,Active,5.04
MTR0286,West,Industrial,2/20/2025,2276.43,225.87,179,Faulty,8.24
MTR0287,East,Commercial,1/26/2025,1013.38,59.79,107,Active,6.38
MTR0288,West,Residential,11/30/2025,1870.41,180.77,52,Faulty,4.51
MTR0289,Central,Commercial,10/4/2025,2099.94,35.29,127,Active,9.77
MTR0290,East,Commercial,1/8/2025,4146.31,177.92,179,Faulty,8.01
MTR0291,Central,Residential,2/17/2025,3681.39,111.49,157,Active,9.7
MTR0292,North,Residential,5/2/2025,3858.06,106.58,160,Faulty,5.99
MTR0293,North,Residential,3/27/2025,104.6,2.37,56,Active,6.33
MTR0294,East,Residential,7/28/2025,2109.96,139.29,51,Faulty,9.29
MTR0295,East,Residential,9/6/2025,2432.65,195.39,136,Faulty,6.68
MTR0296,West,Residential,9/4/2025,145,9,110,Faulty,7.95
MTR0297,West,Residential,4/20/2025,1336.08,31.03,0,Active,4.77
MTR0298,Central,Industrial,7/25/2025,3813.43,316.52,43,Active,6.13
MTR0299,East,Commercial,1/31/2025,728.69,48.99,74,Active,3.86
MTR0300,North,Residential,3/26/2025,2699.79,121.31,97,Faulty,4.44
MTR0301,West,Industrial,7/14/2025,1115.25,78.82,8,Active,3.01
MTR0302,West,Industrial,1/2/2025,110,3.67,31,Faulty,3.27
MTR0303,North,Industrial,7/19/2025,1243.95,51.09,14,Active,9.84
MTR0304,West,Commercial,5/16/2025,4880.58,451.81,139,Active,4.7
MTR0305,Central,Residential,8/21/2025,4017.61,145.22,135,Active,7.64
MTR0306,East,Industrial,5/27/2025,4799.9,251.03,71,Active,8.87
MTR0307,North,Commercial,8/5/2025,2464.88,222.12,154,Faulty,6.85
MTR0308,East,Commercial,12/23/2025,593.19,43.72,11,Active,4.07
MTR0309,West,Commercial,10/12/2025,2762.4,43.09,64,Active,8.1
MTR0310,West,Industrial,12/5/2025,2299.17,53.47,106,Faulty,7.2
MTR0311,North,Residential,9/7/2025,4229.57,45.28,41,Faulty,8.12
MTR0312,Central,Industrial,3/21/2025,535.51,35.76,114,Active,8.39
MTR0313,South,Industrial,4/8/2025,2466.79,124.06,138,Active,9.83
MTR0314,North,Residential,6/1/2025,792.74,17.51,102,Faulty,7.01
MTR0315,South,Residential,4/22/2025,1657.15,159.44,170,Faulty,5.39
MTR0316,South,Residential,1/30/2025,3699.92,213.37,94,Faulty,7.54
MTR0317,Central,Commercial,10/24/2025,2406.29,76.45,16,Active,3.48
MTR0318,South,Residential,10/5/2025,1910.65,105.19,159,Active,9.28
MTR0319,South,Industrial,2/1/2025,2002.66,142.52,84,Active,3.84
MTR0320,Central,Residential,6/10/2025,2324.26,39.19,167,Faulty,5.29
MTR0321,South,Industrial,1/30/2025,3935.83,136.67,150,Faulty,8.71
MTR0322,South,Commercial,1/26/2025,4465.82,369,55,Faulty,7.18
MTR0323,South,Industrial,10/27/2025,4778.91,245.49,133,Active,5.76
MTR0324,North,Industrial,9/2/2025,3945.17,233.52,85,Faulty,6.31
MTR0325,North,Residential,9/15/2025,1611.26,78.88,177,Active,8.98
MTR0326,North,Residential,9/29/2025,3456.27,48.22,101,Faulty,5.38
MTR0327,Central,Industrial,3/22/2025,2216.14,55.22,164,Active,9.09
MTR0328,West,Residential,1/30/2025,1310.62,65.66,53,Active,3.62
MTR0329,South,Commercial,9/18/2025,4212.31,121.43,176,Faulty,8.44
MTR0330,South,Commercial,2/11/2025,240.21,3.48,114,Active,8.93
MTR0331,Central,Residential,4/6/2025,4513.72,387.86,138,Faulty,4.27
MTR0332,South,Commercial,2/5/2025,2334.31,229.48,87,Active,6.01
MTR0333,North,Residential,11/1/2025,3204.15,260.76,48,Faulty,4.16
MTR0334,West,Industrial,2/4/2025,3313.8,287.77,148,Faulty,7.95
MTR0335,East,Industrial,12/12/2025,4480.83,142.39,114,Active,6.75
MTR0336,South,Commercial,5/1/2025,3201.51,308.81,62,Faulty,7.45
MTR0337,North,Residential,7/26/2025,3088.97,85.64,103,Active,4.38
MTR0338,East,Residential,3/3/2025,379.93,36.33,82,Faulty,4.48
MTR0339,West,Commercial,10/19/2025,2616.12,260.39,102,Faulty,3.29
MTR0340,East,Industrial,5/7/2025,793.34,58.75,155,Faulty,5.25
MTR0341,North,Commercial,10/24/2025,3700.3,363.75,16,Faulty,6.92
MTR0342,East,Industrial,11/1/2025,2585.5,158.38,5,Active,9.01
MTR0343,Central,Residential,1/21/2025,3417.13,113.99,146,Faulty,7.67
MTR0344,East,Industrial,11/14/2025,256.28,12.64,27,Faulty,6.05
MTR0345,South,Commercial,2/11/2025,469.72,29.79,37,Active,9.67
MTR0346,South,Residential,8/3/2025,3595.8,59.61,118,Active,8.03
MTR0347,Central,Commercial,12/3/2025,406.82,26.85,36,Active,9.51
MTR0348,North,Commercial,10/26/2025,402.72,39.59,114,Active,6.69
MTR0349,South,Industrial,10/17/2025,109.94,2.98,67,Active,4.81
MTR0350,West,Commercial,9/25/2025,4784.68,389.16,176,Active,3.37
MTR0351,South,Industrial,6/11/2025,3700.67,339.39,42,Faulty,8.08
MTR0352,South,Residential,5/14/2025,1798.59,170.75,163,Active,3.85
MTR0353,North,Industrial,4/15/2025,1517.85,146.34,57,Faulty,5.12
MTR0354,East,Residential,12/9/2025,1781.03,101.4,12,Active,6.73
MTR0355,South,Industrial,6/10/2025,3884.53,380.52,51,Faulty,6.95
MTR0356,Central,Commercial,5/3/2025,3323.78,259.78,57,Faulty,7.2
MTR0357,East,Industrial,5/16/2025,966.72,23.73,31,Faulty,4.16
MTR0358,West,Industrial,7/22/2025,911.84,48.26,104,Active,5.66
MTR0359,North,Residential,3/9/2025,537.06,40.09,82,Active,7.32
MTR0360,West,Commercial,12/10/2025,3318.5,107.06,98,Active,9.79
MTR0361,East,Industrial,11/27/2025,3833.64,259.37,103,Active,8.09
MTR0362,East,Commercial,6/3/2025,1361.98,95.33,27,Faulty,9.46
MTR0363,East,Industrial,8/23/2025,153.68,3.79,128,Active,8.34
MTR0364,West,Industrial,6/11/2025,456.75,27.8,169,Faulty,7.14
MTR0365,East,Commercial,2/7/2025,4840.91,384.59,47,Faulty,4.34
MTR0366,West,Industrial,1/5/2025,1512.45,83.03,39,Active,7.67
MTR0367,East,Commercial,8/23/2025,3857.65,42.78,96,Active,7.36
MTR0368,Central,Industrial,11/15/2025,3142.08,33.98,113,Active,7.22
MTR0369,East,Residential,10/16/2025,1940.6,81.76,131,Faulty,6.43
MTR0370,West,Commercial,2/21/2025,1068.15,99.72,165,Active,6.7
MTR0371,South,Industrial,2/7/2025,650.86,19.9,154,Faulty,5.34
MTR0372,East,Industrial,10/3/2025,3094.31,207.61,136,Active,6.64
MTR0373,South,Residential,4/20/2025,3884.44,116.48,110,Faulty,4.38
MTR0374,Central,Commercial,9/17/2025,3237.33,126.09,143,Active,8.64
MTR0375,North,Industrial,5/16/2025,2675,230.92,75,Active,4.3
MTR0376,Central,Residential,3/9/2025,257.66,19.48,30,Faulty,3.59
MTR0377,East,Industrial,6/28/2025,4844.02,90.03,118,Active,6.05
MTR0378,South,Commercial,2/5/2025,4003.64,194.51,141,Active,7.61
MTR0379,South,Industrial,5/6/2025,1499.47,18.93,24,Active,6.06
MTR0380,West,Industrial,7/9/2025,4900.85,261.12,33,Active,4.94
MTR0381,South,Industrial,5/26/2025,3029.31,210.9,66,Active,6.91
MTR0382,West,Industrial,3/22/2025,2932.99,60.61,151,Active,5.43
MTR0383,North,Residential,8/13/2025,3752.96,135.11,117,Active,9.53
MTR0384,East,Residential,10/6/2025,4068.26,186.35,72,Faulty,9.46
MTR0385,West,Commercial,12/27/2025,3299.57,306.06,25,Faulty,6.52
MTR0386,North,Residential,6/4/2025,684.07,67.99,147,Active,5.3
MTR0387,South,Residential,11/10/2025,1724.42,24.21,103,Active,8.16
MTR0388,South,Commercial,12/1/2025,4644.01,364.51,9,Active,3.26
MTR0389,North,Residential,9/28/2025,1161.85,50.49,66,Faulty,6.32
MTR0390,South,Residential,1/5/2025,1892.23,85.76,151,Faulty,5.35
MTR0391,North,Commercial,12/8/2025,2188.78,170.47,4,Active,9.44
MTR0392,West,Commercial,10/11/2025,2225.05,206.17,26,Faulty,3.08
MTR0393,West,Commercial,6/3/2025,3084.05,294.78,112,Active,6.87
MTR0394,North,Industrial,12/6/2025,4718.23,292.25,14,Active,8.18
MTR0395,West,Industrial,2/23/2025,1241.43,52.31,162,Active,6.4
MTR0396,West,Commercial,3/10/2025,651.43,52.69,104,Active,3.6
MTR0397,West,Commercial,5/16/2025,1027.48,33.49,180,Faulty,9.81
MTR0398,Central,Commercial,3/1/2025,4440.28,269.82,43,Faulty,6.63
MTR0399,East,Industrial,2/24/2025,3246.76,137.25,25,Active,7.3
MTR0400,South,Industrial,10/11/2025,1465.24,101.24,174,Faulty,4.66
MTR0401,Central,Residential,3/21/2025,4088.94,129.36,161,Faulty,6.38
MTR0402,West,Residential,5/20/2025,4313.78,117.52,94,Active,6
MTR0403,North,Commercial,5/25/2025,4240.25,392.82,177,Faulty,3.52
MTR0404,West,Industrial,11/6/2025,4598.69,88.12,83,Active,3.74
MTR0405,East,Industrial,4/18/2025,1298.59,72.12,139,Active,8.86
MTR0406,West,Industrial,6/25/2025,3787.46,113.16,131,Active,4.68
MTR0407,North,Commercial,4/15/2025,2329.67,31.46,86,Active,4.36
MTR0408,East,Residential,12/18/2025,4217.89,55.85,175,Faulty,6.53
MTR0409,West,Commercial,11/21/2025,3656.03,94.22,111,Active,8.38
MTR0410,East,Residential,5/16/2025,3893.41,342.66,128,Faulty,3.43
MTR0411,South,Residential,9/16/2025,3298,116.83,88,Active,7.04
MTR0412,South,Commercial,9/8/2025,928.27,88.69,65,Active,3.83
MTR0413,West,Residential,5/9/2025,2747.88,171.32,157,Faulty,3.26
MTR0414,East,Residential,1/27/2025,4924.12,242.74,130,Active,3.37
MTR0415,North,Industrial,2/17/2025,4690.07,291.76,121,Faulty,8.84
MTR0416,West,Residential,11/21/2025,263.71,14.9,148,Faulty,3.83
MTR0417,South,Commercial,8/5/2025,865.83,67.79,83,Active,3.32
MTR0418,South,Commercial,5/22/2025,702.06,24.87,176,Active,6.07
MTR0419,West,Residential,1/23/2025,3643.6,152.21,115,Active,8.91
MTR0420,East,Industrial,1/2/2025,4098.04,370.74,115,Active,4.84
MTR0421,South,Industrial,6/20/2025,1106.88,105.35,37,Active,5.95
MTR0422,East,Residential,3/8/2025,2553.97,230.7,142,Active,3.28
MTR0423,South,Residential,11/23/2025,4211.48,201.1,109,Faulty,6.14
MTR0424,South,Commercial,5/15/2025,3677.37,295.05,179,Faulty,7.04
MTR0425,Central,Residential,3/24/2025,2734.07,144.55,45,Active,7
MTR0426,South,Industrial,8/15/2025,2972.22,162.81,24,Faulty,5.33
MTR0427,North,Residential,10/10/2025,2566.38,72.94,20,Faulty,5.21
MTR0428,West,Commercial,12/28/2025,1522.86,96.25,120,Active,3.75
MTR0429,West,Commercial,8/7/2025,2846.86,76.16,121,Active,5.57
MTR0430,East,Commercial,10/15/2025,3459.98,137.85,132,Faulty,3.7
MTR0431,South,Commercial,1/5/2025,4372.95,380.24,69,Active,8.37
MTR0432,North,Commercial,2/27/2025,3199.64,91.63,112,Faulty,9.76
MTR0433,East,Residential,2/8/2025,3817.55,62.62,106,Active,9.79
MTR0434,Central,Residential,12/20/2025,842.35,13.66,111,Faulty,9.06
MTR0435,East,Residential,3/18/2025,2334.71,221.03,107,Faulty,7.21
MTR0436,East,Residential,10/7/2025,96.19,5.35,46,Faulty,7.91
MTR0437,South,Commercial,1/19/2025,1271.06,59.55,90,Faulty,5
MTR0438,Central,Industrial,7/9/2025,3645.99,302.54,17,Active,7.42
MTR0439,East,Residential,10/26/2025,4959.46,422.67,148,Active,6.19
MTR0440,North,Industrial,10/10/2025,540.93,21.58,103,Faulty,6.37
MTR0441,North,Residential,3/17/2025,2037.4,147.56,150,Faulty,8.3
MTR0442,West,Residential,8/9/2025,4010.35,318.43,39,Active,4.97
MTR0443,Central,Industrial,3/7/2025,1059.98,73.05,137,Active,5.23
MTR0444,Central,Commercial,1/22/2025,2797.67,66.15,88,Faulty,9.47
MTR0445,West,Residential,6/7/2025,3678.7,326.78,179,Faulty,3.39
MTR0446,East,Residential,7/6/2025,3099.13,181.36,60,Faulty,6.4
MTR0447,Central,Residential,1/21/2025,980.72,34.74,4,Faulty,9.39
MTR0448,North,Industrial,7/3/2025,1809.15,87.33,121,Faulty,7.27
MTR0449,North,Commercial,4/18/2025,3929.77,52.59,180,Active,6.82
MTR0450,South,Industrial,12/16/2025,2793.42,60.08,54,Faulty,4.75
MTR0451,Central,Industrial,5/8/2025,75.89,5.99,36,Active,5.4
MTR0452,East,Commercial,12/8/2025,3816.9,38.17,55,Active,8.96
MTR0453,West,Industrial,2/22/2025,224.79,10.68,101,Active,6.91
MTR0454,West,Commercial,7/1/2025,3741.38,213.36,92,Faulty,6.6
MTR0455,East,Residential,10/14/2025,1052.28,15.7,72,Active,3.7
MTR0456,South,Commercial,7/28/2025,4792.46,467.63,58,Active,3.11
MTR0457,West,Residential,11/14/2025,1871.31,56.8,1,Active,9.75
MTR0458,Central,Industrial,3/21/2025,1668.31,62.36,103,Active,5.64
MTR0459,South,Industrial,5/2/2025,787,29.4,50,Faulty,7.22
MTR0460,Central,Residential,3/25/2025,1562.74,48.03,29,Faulty,3.56
MTR0461,North,Industrial,4/1/2025,4389.42,44.48,10,Active,7.78
MTR0462,South,Commercial,7/31/2025,4981.85,376.83,107,Active,9.53
MTR0463,West,Residential,1/13/2025,1873.13,181.72,75,Faulty,7.03
MTR0464,South,Industrial,4/2/2025,2270.62,68.54,166,Faulty,3.88
MTR0465,South,Residential,6/20/2025,3624.25,252.52,89,Faulty,7.07
MTR0466,South,Commercial,7/30/2025,4436.67,340.61,122,Active,8.36
MTR0467,South,Commercial,12/9/2025,2985.57,257.83,124,Faulty,5.84
MTR0468,Central,Industrial,5/8/2025,1988.05,95.5,121,Active,9.16
MTR0469,North,Commercial,5/17/2025,2092.48,77.97,93,Active,7.54
MTR0470,East,Residential,3/23/2025,3493.31,137.21,102,Faulty,9.29
MTR0471,South,Commercial,12/26/2025,65.93,4.89,161,Active,7.36
MTR0472,West,Residential,2/25/2025,3116.97,260.3,30,Faulty,3.92
MTR0473,South,Residential,7/15/2025,1809.69,47.68,51,Active,5.17
MTR0474,West,Commercial,1/20/2025,3981.28,172.73,88,Faulty,4.41
MTR0475,Central,Industrial,8/29/2025,510.3,46.53,75,Active,9.36
MTR0476,West,Commercial,4/24/2025,2961.6,244.64,128,Active,8.32
MTR0477,East,Residential,4/13/2025,2430.82,239.77,21,Faulty,7.73
MTR0478,North,Residential,8/24/2025,3229.51,251.52,39,Faulty,5.11
MTR0479,West,Commercial,6/29/2025,371.03,16.84,100,Faulty,4.29
MTR0480,West,Industrial,6/6/2025,2920.92,184.48,110,Faulty,8.3
MTR0481,North,Industrial,4/27/2025,2829.35,196.62,128,Active,6.32
MTR0482,East,Residential,4/25/2025,2825.27,48.2,64,Faulty,4.58
MTR0483,South,Residential,1/13/2025,3037.26,179.21,169,Faulty,7.32
MTR0484,West,Industrial,12/4/2025,3398.52,250.94,148,Active,3.28
MTR0485,North,Commercial,4/9/2025,4034.7,101.11,78,Faulty,5.28
MTR0486,Central,Residential,7/24/2025,1385.61,111.2,21,Faulty,6.28
MTR0487,North,Residential,6/18/2025,4133.99,258.54,165,Active,4.04
MTR0488,Central,Industrial,5/23/2025,2516.37,240.82,98,Faulty,9.89
MTR0489,East,Commercial,2/5/2025,431.44,5.96,7,Faulty,4.46
MTR0490,South,Industrial,5/23/2025,339.83,11.51,174,Faulty,3.91
MTR0491,North,Commercial,6/29/2025,1704.48,109.33,16,Faulty,4.42
MTR0492,West,Commercial,11/25/2025,3935.24,144.39,16,Faulty,8.38
MTR0493,East,Commercial,9/18/2025,3553.02,263.98,89,Faulty,5.98
MTR0494,North,Residential,7/24/2025,3953.64,309.61,140,Active,6.96
MTR0495,West,Industrial,12/14/2025,2610.48,50.19,144,Faulty,3.15
MTR0496,North,Industrial,10/2/2025,2228.99,125.37,165,Active,3.24
MTR0497,Central,Commercial,6/19/2025,779.89,43.52,80,Active,6.12
MTR0498,North,Residential,1/15/2025,1674.55,72.4,77,Active,8.72
MTR0499,North,Residential,3/1/2025,2198.4,206.57,172,Active,9.2
MTR0500,North,Industrial,5/14/2025,488.57,41.27,5,Faulty,3.61
MTR0501,East,Residential,4/2/2025,1142.03,83.08,162,Faulty,6.77
MTR0502,North,Residential,10/25/2025,3011.22,223.7,109,Faulty,9.39
MTR0503,West,Commercial,5/16/2025,3691.53,190.31,13,Active,5.72
MTR0504,Central,Residential,1/20/2025,4991.82,463.69,71,Faulty,8.81
MTR0505,Central,Commercial,2/25/2025,4668.91,338.56,142,Faulty,3.94
MTR0506,North,Industrial,11/2/2025,3230.7,244.27,53,Faulty,9.55
MTR0507,East,Residential,8/11/2025,2135.18,186.94,26,Active,8.26
MTR0508,East,Industrial,6/26/2025,3199.08,110.9,12,Active,9.59
MTR0509,West,Industrial,6/10/2025,3938.98,325.5,158,Faulty,7.74
MTR0510,North,Residential,8/12/2025,635.76,17.53,162,Active,5.54
MTR0511,Central,Residential,11/7/2025,2079.03,85.41,59,Active,9.57
MTR0512,East,Industrial,9/19/2025,4207.02,169.14,5,Faulty,4.93
MTR0513,North,Residential,3/1/2025,1949.97,191.23,57,Active,5.33
MTR0514,East,Commercial,7/17/2025,2880.77,250.88,48,Active,7.91
MTR0515,East,Commercial,10/23/2025,2959.46,216.35,150,Faulty,8.36
MTR0516,Central,Residential,4/8/2025,963.16,72.66,161,Active,9.51
MTR0517,South,Industrial,5/11/2025,1843.07,111.67,25,Active,4.43
MTR0518,West,Residential,1/23/2025,1705.83,162.46,46,Active,8.59
MTR0519,West,Residential,12/29/2025,179.67,9.82,4,Active,8.17
MTR0520,Central,Industrial,8/12/2025,169.75,7.51,19,Active,3.45
MTR0521,East,Industrial,1/1/2025,4166.9,102.81,133,Active,5.71
MTR0522,North,Commercial,9/24/2025,1401.7,113.2,58,Active,4.98
MTR0523,East,Industrial,10/3/2025,2614.49,198.96,145,Active,5.13
MTR0524,Central,Commercial,12/18/2025,1528.69,68.17,131,Faulty,9.88
MTR0525,West,Industrial,12/10/2025,4706.36,57.73,16,Faulty,7.5
MTR0526,East,Residential,4/11/2025,1333.52,114.03,13,Faulty,8.02
MTR0527,West,Commercial,7/6/2025,2176.8,24,12,Faulty,9.84
MTR0528,North,Commercial,8/9/2025,4370.01,320.47,134,Active,5.64
MTR0529,West,Commercial,2/5/2025,4217.57,410.47,127,Faulty,8.61
MTR0530,West,Residential,12/7/2025,971.2,47.97,43,Faulty,6.04
MTR0531,South,Residential,6/19/2025,4023.08,125.31,118,Active,9.09
MTR0532,South,Residential,11/16/2025,2318.03,170.23,142,Active,4.26
MTR0533,South,Residential,6/10/2025,2440.7,203.9,18,Active,9.63
MTR0534,West,Residential,12/6/2025,710.73,42.06,62,Active,4.53
MTR0535,Central,Commercial,3/5/2025,448.98,43.57,162,Active,5.28
MTR0536,West,Residential,6/3/2025,3653.3,53.52,80,Faulty,8.29
MTR0537,Central,Commercial,9/17/2025,2507.48,138.99,162,Active,5.76
MTR0538,Central,Residential,6/8/2025,2212.41,165.18,146,Faulty,7.26
MTR0539,South,Industrial,12/8/2025,3661.07,320.85,147,Faulty,6.11
MTR0540,East,Commercial,7/29/2025,3839.29,100.33,99,Active,8.2
MTR0541,North,Industrial,6/17/2025,836.6,68.6,162,Faulty,4.6
MTR0542,South,Commercial,7/26/2025,3070.61,183.45,159,Faulty,3.41
MTR0543,South,Industrial,12/23/2025,720,32.9,121,Active,5.1
MTR0544,East,Residential,6/1/2025,3769.31,82.38,175,Faulty,6.32
MTR0545,North,Residential,10/11/2025,3301.93,290.16,43,Faulty,4.18
MTR0546,West,Residential,3/7/2025,4785.24,115.59,103,Faulty,5.48
MTR0547,West,Commercial,4/9/2025,391.34,14.82,151,Active,5.8
MTR0548,South,Industrial,8/4/2025,332.42,12,60,Active,3.4
MTR0549,North,Residential,12/7/2025,1446.83,127.94,124,Active,7.08
MTR0550,South,Industrial,7/14/2025,1345.44,94.91,144,Faulty,9.19
MTR0551,Central,Industrial,12/13/2025,1272.55,103.97,70,Active,4.06
MTR0552,South,Residential,3/31/2025,4535.96,147.61,106,Faulty,7.18
MTR0553,South,Residential,11/12/2025,1285.25,85.13,49,Active,7.65
MTR0554,West,Industrial,10/19/2025,1396.15,85.8,64,Faulty,5.94
MTR0555,West,Residential,6/4/2025,3809.02,323.59,98,Active,7.91
MTR0556,West,Residential,7/27/2025,2276.21,208.38,31,Active,5.88
MTR0557,Central,Residential,10/8/2025,3894.72,43.21,163,Faulty,6.53
MTR0558,West,Commercial,1/1/2025,373.56,26.4,140,Active,3.05
MTR0559,North,Industrial,6/5/2025,2463.48,36.13,57,Faulty,7.84
MTR0560,East,Industrial,5/27/2025,216.39,12.85,127,Active,7.63
MTR0561,North,Commercial,4/18/2025,360.13,12.92,141,Active,3.27
MTR0562,North,Industrial,8/9/2025,4536.87,170.63,164,Faulty,5.58
MTR0563,West,Residential,10/24/2025,739.26,30.88,111,Faulty,9.85
MTR0564,East,Industrial,11/7/2025,2685.48,177.02,67,Faulty,5.95
MTR0565,East,Residential,12/2/2025,2084.92,83.53,39,Active,6.51
MTR0566,East,Commercial,6/14/2025,1769.35,134.37,143,Faulty,9.37
MTR0567,Central,Residential,8/27/2025,4504.18,209.03,131,Active,8.02
MTR0568,West,Industrial,8/15/2025,158.03,2.55,172,Faulty,7.07
MTR0569,East,Industrial,8/15/2025,3335.76,268.66,89,Faulty,8.58
MTR0570,Central,Industrial,12/12/2025,4818.8,172.12,27,Faulty,9.05
MTR0571,South,Commercial,4/20/2025,2822.83,138.17,95,Faulty,6.2
MTR0572,South,Commercial,9/19/2025,4687.27,336.03,30,Faulty,6.33
MTR0573,Central,Industrial,8/31/2025,308.68,12.32,2,Faulty,5.7
MTR0574,Central,Residential,3/28/2025,2123.03,32.04,135,Active,9.77
MTR0575,West,Commercial,12/4/2025,1337.78,58.4,23,Faulty,7.88
MTR0576,West,Industrial,2/13/2025,3667.56,348.42,14,Active,3.58
MTR0577,South,Industrial,5/26/2025,4907.42,332.51,170,Faulty,9.04
MTR0578,East,Commercial,9/21/2025,1319.82,92.96,158,Faulty,6.36
MTR0579,South,Commercial,12/6/2025,3288.16,220,44,Faulty,3.48
MTR0580,East,Commercial,11/21/2025,1030.58,28.76,7,Active,6.85
MTR0581,East,Residential,11/14/2025,2848.38,135.73,70,Active,5.92
MTR0582,West,Residential,6/21/2025,2346.47,182.05,107,Faulty,9.14
MTR0583,North,Industrial,2/17/2025,4861.43,92.97,114,Active,4.43
MTR0584,North,Commercial,5/1/2025,3062.21,107.2,102,Faulty,8.79
MTR0585,Central,Residential,12/11/2025,1780.06,62.07,124,Faulty,6.9
MTR0586,West,Commercial,6/8/2025,614.77,30.05,56,Active,3.38
MTR0587,East,Industrial,4/26/2025,798.67,78.46,29,Active,9.8
MTR0588,North,Residential,4/12/2025,1165.32,18.73,145,Active,6.59
MTR0589,East,Residential,3/17/2025,1292.28,73.25,113,Active,5.04
MTR0590,North,Residential,1/13/2025,4260.55,111.38,116,Faulty,6.29
MTR0591,North,Industrial,1/24/2025,2828.05,275.34,166,Active,9.01
MTR0592,North,Commercial,5/6/2025,2640.79,53.34,59,Active,5.13
MTR0593,West,Residential,9/1/2025,618.11,28.63,97,Faulty,4.35
MTR0594,South,Industrial,11/9/2025,4307.69,329.15,170,Active,3.9
MTR0595,East,Commercial,2/7/2025,3627.93,266.33,125,Active,5.09
MTR0596,West,Industrial,8/22/2025,384.96,18.5,172,Active,8.46
MTR0597,West,Commercial,8/1/2025,3553.78,146.37,150,Active,6.3
MTR0598,West,Industrial,11/19/2025,2740.51,125.47,93,Faulty,4.59
MTR0599,West,Commercial,10/22/2025,454.54,15.36,133,Faulty,4.16
MTR0600,West,Residential,4/10/2025,2318.59,66.03,121,Active,5.33
MTR0601,Central,Commercial,12/23/2025,2449.25,130.97,107,Active,9.58
MTR0602,East,Industrial,7/16/2025,870.58,29.75,3,Faulty,5.4
MTR0603,West,Industrial,9/11/2025,4731.21,169.72,92,Active,9.92
MTR0604,East,Commercial,7/24/2025,4257.38,294.22,150,Active,6.4
MTR0605,Central,Residential,5/5/2025,3361.66,326.65,5,Active,4.25
MTR0606,Central,Residential,3/17/2025,2338.36,150.42,31,Active,9.24
MTR0607,East,Commercial,12/2/2025,2088.24,35.35,105,Active,6.22
MTR0608,North,Commercial,12/19/2025,3272.32,54.98,145,Active,7.97
MTR0609,South,Industrial,1/3/2025,2749.89,262.97,14,Active,9.89
MTR0610,North,Residential,2/24/2025,358.25,13.17,167,Active,3.35
MTR0611,North,Commercial,8/6/2025,2586.89,47.3,121,Active,3.68
MTR0612,North,Residential,4/23/2025,4041.7,258.32,95,Faulty,8.04
MTR0613,West,Commercial,4/1/2025,2323.24,153.63,5,Faulty,4.97
MTR0614,Central,Commercial,12/23/2025,307.19,21,111,Faulty,4.29
MTR0615,North,Residential,9/23/2025,3942.08,134.29,119,Active,3.28
MTR0616,Central,Commercial,8/26/2025,1046.75,11.89,122,Active,3.15
MTR0617,East,Commercial,1/26/2025,1330.17,128.83,66,Faulty,8.42
MTR0618,South,Industrial,10/13/2025,865.3,28.19,105,Active,3.94
MTR0619,East,Commercial,5/8/2025,1684.56,119.34,138,Faulty,6.27
MTR0620,East,Commercial,3/4/2025,3795.92,279.37,42,Active,7.24
MTR0621,West,Commercial,8/22/2025,2620.96,170.1,144,Faulty,6
MTR0622,South,Industrial,3/10/2025,1064.16,40.61,95,Faulty,3.19
MTR0623,East,Residential,8/26/2025,4395.26,151.19,131,Faulty,8.48
MTR0624,East,Industrial,12/8/2025,4403.93,280.93,80,Active,3.07
MTR0625,South,Industrial,9/29/2025,4359.36,383.4,40,Faulty,8.33
MTR0626,South,Residential,10/14/2025,1232.04,117.3,132,Active,9.25
MTR0627,East,Industrial,11/1/2025,2283.63,44.6,159,Active,6.03
MTR0628,South,Residential,6/12/2025,4925.7,117.89,34,Active,6.75
MTR0629,East,Industrial,8/15/2025,3871.46,367.89,21,Active,6.34
MTR0630,East,Residential,11/10/2025,184.48,14.07,149,Active,5.72
MTR0631,West,Commercial,9/16/2025,372.76,33.35,111,Active,9.21
MTR0632,North,Industrial,8/7/2025,2346.46,66.26,10,Active,9.26
MTR0633,East,Industrial,10/8/2025,4550.64,286.16,2,Faulty,5.35
MTR0634,Central,Industrial,8/17/2025,2716.57,198.59,136,Faulty,7.31
MTR0635,North,Industrial,3/23/2025,2514.17,179.03,59,Faulty,9.49
MTR0636,North,Commercial,9/1/2025,572.09,26.74,75,Active,9.73
MTR0637,North,Industrial,8/19/2025,3301.06,37.58,86,Active,6.56
MTR0638,West,Commercial,5/13/2025,4119.41,257.31,13,Active,6.17
MTR0639,East,Commercial,5/7/2025,1933.08,63.36,17,Active,4.95
MTR0640,West,Commercial,11/23/2025,3889.28,196.5,112,Faulty,9.71
MTR0641,East,Commercial,5/22/2025,4824.16,464,72,Active,4
MTR0642,West,Residential,9/24/2025,1058.64,48.61,22,Faulty,7.06
MTR0643,West,Residential,9/6/2025,2640.48,225.98,82,Active,4.98
MTR0644,Central,Industrial,11/17/2025,1471.33,39.68,124,Faulty,4.95
MTR0645,West,Residential,5/3/2025,3974.63,280.3,174,Active,5.83
MTR0646,South,Residential,5/21/2025,2909.09,284.89,68,Faulty,9.99
MTR0647,Central,Industrial,8/14/2025,3191.18,61.18,46,Active,3.38
MTR0648,West,Industrial,2/9/2025,3999.68,42.99,115,Faulty,7.05
MTR0649,North,Industrial,5/27/2025,2010.05,98.54,29,Active,3.58
MTR0650,South,Residential,5/1/2025,4579.7,83.97,24,Faulty,4.08
MTR0651,South,Residential,5/20/2025,2688.49,207.97,155,Faulty,6.08
MTR0652,South,Industrial,6/21/2025,831.88,76.79,111,Active,6.57
MTR0653,Central,Commercial,6/13/2025,3494.7,171.46,24,Faulty,4.81
MTR0654,West,Industrial,10/4/2025,3976.64,132.36,73,Active,5.22
MTR0655,West,Commercial,2/11/2025,1617.97,79.44,57,Active,3.61
MTR0656,North,Commercial,3/12/2025,4293.04,322.45,93,Active,5.12
MTR0657,North,Industrial,3/19/2025,4535.41,49.05,118,Faulty,9.77
MTR0658,South,Industrial,4/29/2025,1420.68,89.58,126,Faulty,9.61
MTR0659,North,Industrial,7/16/2025,4918.43,320.66,168,Active,5.34
MTR0660,Central,Residential,12/22/2025,746.52,50.31,24,Active,7
MTR0661,West,Commercial,3/20/2025,1049.98,33.37,77,Faulty,9.37
MTR0662,South,Residential,12/28/2025,961.91,71.44,98,Faulty,3.04
MTR0663,North,Residential,4/20/2025,4475.25,81.56,115,Faulty,8.67
MTR0664,Central,Industrial,2/2/2025,3288.75,91.87,47,Active,9.64
MTR0665,Central,Residential,8/1/2025,802.92,71.44,9,Active,3.64
MTR0666,North,Industrial,7/28/2025,2229.6,170.53,98,Active,4.13
MTR0667,West,Commercial,6/19/2025,3095.73,34.79,10,Active,9.73
MTR0668,North,Industrial,10/5/2025,463.15,14.98,84,Active,6.76
MTR0669,South,Residential,8/27/2025,4417.96,129.43,148,Faulty,3.1
MTR0670,North,Residential,8/1/2025,4027.84,138.45,172,Active,4.8
MTR0671,Central,Industrial,2/1/2025,2550.77,82.34,134,Faulty,6.15
MTR0672,North,Industrial,4/16/2025,4837.28,75.59,125,Faulty,7.85
MTR0673,West,Residential,8/4/2025,2117.92,108.66,63,Active,8.13
MTR0674,East,Commercial,7/19/2025,4921.35,373.76,1,Faulty,9.97
MTR0675,North,Commercial,10/27/2025,3356.2,216.83,75,Active,5.01
MTR0676,West,Industrial,12/23/2025,3191.62,225.2,120,Faulty,6.77
MTR0677,West,Commercial,1/11/2025,871.48,15.08,41,Active,6.73
MTR0678,Central,Residential,10/22/2025,4415.54,422.28,53,Active,5.84
MTR0679,West,Industrial,7/14/2025,2166.07,185.12,74,Faulty,4.18
MTR0680,West,Residential,9/2/2025,853.06,70.34,15,Active,9.84
MTR0681,West,Residential,1/4/2025,112.41,9.45,17,Faulty,8.97
MTR0682,West,Commercial,6/30/2025,2820.79,265,89,Active,6.49
MTR0683,South,Industrial,6/2/2025,2660.63,156.93,143,Active,7.22
MTR0684,South,Industrial,7/19/2025,3610.8,101.19,5,Active,4.59
MTR0685,Central,Commercial,8/3/2025,4456.78,291.97,107,Faulty,6.81
MTR0686,North,Residential,10/3/2025,443.06,34.05,174,Faulty,7.86
MTR0687,West,Residential,10/7/2025,3670.91,280.5,47,Active,6.61
MTR0688,North,Residential,11/5/2025,977.69,55.66,41,Faulty,9.93
MTR0689,North,Residential,4/23/2025,4297.98,69.46,75,Active,7.28
MTR0690,Central,Industrial,9/7/2025,4104.36,178.13,76,Faulty,5.6
MTR0691,West,Industrial,4/23/2025,2726.93,253.25,131,Faulty,8.41
MTR0692,West,Commercial,5/20/2025,3565.7,223.21,129,Active,4.19
MTR0693,East,Commercial,8/12/2025,1606.03,93.87,58,Active,5.69
MTR0694,North,Industrial,9/6/2025,2382.28,81.47,154,Active,5.43
MTR0695,North,Industrial,1/15/2025,4117.1,177.7,26,Active,6.02
MTR0696,South,Residential,7/19/2025,2323.36,210.45,78,Active,8.47
MTR0697,East,Residential,6/22/2025,1821.1,127.44,71,Faulty,6.39
MTR0698,South,Commercial,12/9/2025,2496.35,201.87,6,Faulty,8.56
MTR0699,South,Industrial,12/14/2025,4149.83,211.19,110,Active,7.04
MTR0700,South,Commercial,7/27/2025,1709.28,114.05,118,Active,5.39
MTR0701,Central,Industrial,3/26/2025,910.12,29.45,173,Active,8.67
MTR0702,Central,Residential,8/28/2025,3574.47,262.69,62,Faulty,4.67
MTR0703,South,Commercial,3/7/2025,4138.59,200.66,123,Active,4.57
MTR0704,East,Commercial,11/15/2025,548.16,27.31,11,Active,6.53
MTR0705,North,Industrial,10/1/2025,1237.38,84.69,140,Faulty,4.83
MTR0706,East,Residential,1/14/2025,752.76,70.96,42,Faulty,3.06
MTR0707,West,Commercial,7/21/2025,1772.31,27.93,16,Faulty,7.54
MTR0708,Central,Residential,10/31/2025,2279.24,191.97,62,Faulty,6.58
MTR0709,North,Commercial,10/16/2025,3756.69,136.42,119,Active,6.12
MTR0710,North,Residential,12/6/2025,3273.18,163.5,35,Faulty,9.77
MTR0711,West,Industrial,1/14/2025,3123.6,37.4,7,Faulty,7
MTR0712,West,Commercial,2/12/2025,1794.26,66.56,68,Active,9.04
MTR0713,South,Commercial,11/26/2025,4215.17,232.83,89,Active,3.98
MTR0714,Central,Residential,8/8/2025,2382.87,35.88,35,Active,6.98
MTR0715,Central,Residential,3/11/2025,4896.57,265.39,27,Faulty,9.08
MTR0716,East,Commercial,8/25/2025,3189,297.98,117,Active,7.08
MTR0717,South,Industrial,4/4/2025,675.01,13.15,92,Faulty,8.03
MTR0718,South,Residential,1/26/2025,3397.08,267.69,174,Faulty,5.6
MTR0719,South,Residential,5/14/2025,1659.26,77.77,75,Faulty,3.65
MTR0720,South,Residential,7/14/2025,3447.32,237.75,100,Active,6.21
MTR0721,Central,Commercial,6/17/2025,394.72,13.19,157,Faulty,5.76
MTR0722,Central,Commercial,4/19/2025,915.66,22.3,150,Active,9.07
MTR0723,South,Commercial,8/21/2025,4285.9,104.75,143,Active,4.71
MTR0724,East,Commercial,6/17/2025,1174.54,19.2,13,Active,9.77
MTR0725,North,Industrial,6/22/2025,4193.35,112,70,Faulty,9.71
MTR0726,North,Industrial,7/14/2025,1432.42,99.95,179,Faulty,4.73
MTR0727,East,Commercial,5/23/2025,3232.27,288.81,123,Faulty,5.44
MTR0728,South,Industrial,8/4/2025,3486.05,290.29,124,Active,9.27
MTR0729,Central,Residential,5/10/2025,2587.64,185.44,36,Faulty,9.77
MTR0730,North,Residential,2/11/2025,1561.29,31.13,28,Faulty,6.1
MTR0731,West,Residential,8/29/2025,1102.59,39.72,142,Faulty,5.25
MTR0732,West,Commercial,1/10/2025,214.29,8.12,174,Faulty,6.68
MTR0733,East,Residential,10/4/2025,1554.53,50.52,173,Faulty,7.81
MTR0734,South,Industrial,1/27/2025,3283.16,185.01,179,Active,4.91
MTR0735,North,Commercial,6/29/2025,4694.61,273.23,18,Active,8.16
MTR0736,South,Industrial,4/25/2025,4362.46,183.75,105,Active,3.36
MTR0737,North,Residential,11/29/2025,3842.02,160.75,20,Active,3.35
MTR0738,East,Residential,2/5/2025,3952.81,334.29,63,Faulty,5.7
MTR0739,East,Residential,11/30/2025,3341.68,270.8,164,Active,5.47
MTR0740,West,Commercial,1/21/2025,1338.42,50.46,26,Faulty,5.21
MTR0741,South,Industrial,1/16/2025,4540.62,418.83,54,Active,6.44
MTR0742,West,Commercial,5/7/2025,3370.12,322.7,28,Active,5.25
MTR0743,South,Commercial,4/13/2025,2824.18,111.29,147,Active,4.35
MTR0744,West,Residential,1/11/2025,599.4,25.11,24,Faulty,5.17
MTR0745,Central,Commercial,11/15/2025,2262.92,125.61,69,Faulty,9.82
MTR0746,Central,Commercial,3/20/2025,2328.77,220.54,62,Active,5.88
MTR0747,Central,Residential,5/3/2025,4329.59,384.77,163,Faulty,6.11
MTR0748,Central,Commercial,3/6/2025,2755.91,53,129,Active,7.04
MTR0749,North,Residential,8/31/2025,1932.98,87.65,149,Active,9.88
MTR0750,Central,Residential,12/9/2025,4885.16,292.15,15,Active,4.69
MTR0751,East,Residential,2/28/2025,598.07,33.06,145,Faulty,7.77
MTR0752,East,Residential,10/16/2025,2141.61,58.78,99,Active,8.01
MTR0753,North,Commercial,4/22/2025,258.02,22.52,29,Active,7.25
MTR0754,Central,Residential,8/27/2025,3712.53,263.31,44,Active,3.62
MTR0755,Central,Residential,12/25/2025,4594.48,392.42,18,Faulty,7.74
MTR0756,Central,Commercial,5/12/2025,1436.18,125.36,33,Active,3.45
MTR0757,West,Commercial,7/8/2025,4298.79,332.52,140,Faulty,7.17
MTR0758,South,Industrial,3/27/2025,1496.48,74.12,170,Active,8.18
MTR0759,West,Commercial,11/7/2025,4558.31,296.06,61,Faulty,4.48
MTR0760,South,Commercial,11/7/2025,3782.11,92.41,117,Active,8.89
MTR0761,Central,Industrial,2/28/2025,4034.29,284.93,99,Active,3.21
MTR0762,Central,Commercial,3/25/2025,139.13,3.64,21,Faulty,8.91
MTR0763,West,Commercial,6/9/2025,4815.91,348.94,179,Faulty,6.22
MTR0764,West,Commercial,2/25/2025,3647.02,111.83,179,Active,4.52
MTR0765,South,Commercial,10/24/2025,1558.52,32.07,110,Faulty,3.94
MTR0766,East,Industrial,1/14/2025,4155.5,103.37,163,Active,9.67
MTR0767,South,Commercial,6/9/2025,1443.53,14.69,72,Active,3.51
MTR0768,West,Commercial,10/22/2025,4370.13,326.39,146,Active,4.39
MTR0769,West,Industrial,12/13/2025,607.27,46.1,37,Faulty,5.43
MTR0770,North,Residential,7/12/2025,3533.25,199.08,69,Active,7.34
MTR0771,West,Industrial,7/23/2025,2726.46,66.86,115,Faulty,6.81
MTR0772,North,Residential,4/12/2025,527.85,9.25,78,Active,3.88
MTR0773,East,Industrial,2/8/2025,1247.37,14.62,147,Faulty,5.03
MTR0774,South,Industrial,10/31/2025,111.4,2.78,8,Faulty,4.67
MTR0775,South,Commercial,12/20/2025,2370.4,213.76,31,Active,4.49
MTR0776,North,Residential,11/18/2025,1541.26,48.92,131,Faulty,5.88
MTR0777,South,Commercial,5/5/2025,3011.87,126.15,49,Active,7.93
MTR0778,West,Residential,2/22/2025,1521.33,29.64,81,Active,4.52
MTR0779,Central,Industrial,12/23/2025,1534.6,46.06,4,Active,5.57
MTR0780,North,Industrial,6/4/2025,3728.81,211.54,147,Active,5.74
MTR0781,South,Residential,12/17/2025,288.31,18.65,86,Active,9.84
MTR0782,North,Commercial,11/4/2025,4519.33,144.99,125,Faulty,9.68
MTR0783,North,Commercial,3/3/2025,4268.71,64.87,74,Active,8.6
MTR0784,Central,Commercial,10/17/2025,3355.63,151.65,164,Faulty,4.69
MTR0785,West,Commercial,1/22/2025,2986.45,92.81,21,Faulty,3.48
MTR0786,North,Industrial,6/27/2025,4466.9,132.93,67,Active,5.22
MTR0787,South,Industrial,9/30/2025,967.38,93.24,43,Faulty,4.87
MTR0788,East,Industrial,8/8/2025,440.9,28.86,33,Active,6.54
MTR0789,North,Industrial,12/5/2025,1235.58,74.28,76,Faulty,8.44
MTR0790,North,Industrial,7/9/2025,3983.16,188.88,41,Faulty,9.01
MTR0791,Central,Commercial,2/5/2025,221.62,10.77,136,Faulty,8.91
MTR0792,West,Commercial,9/17/2025,2934.89,172.22,105,Active,5.52
MTR0793,East,Commercial,11/28/2025,4977.42,361.75,94,Faulty,7.81
MTR0794,South,Commercial,6/24/2025,4285.7,313.68,134,Active,5.19
MTR0795,East,Industrial,1/7/2025,2631.16,66.97,67,Faulty,3.43
MTR0796,South,Industrial,8/4/2025,365.02,20.08,146,Faulty,7.91
MTR0797,West,Industrial,9/8/2025,4165.3,196.09,158,Faulty,3.07
MTR0798,South,Residential,2/24/2025,3014.94,266.36,127,Faulty,5.86
MTR0799,Central,Commercial,8/10/2025,618.92,41.36,162,Active,5.31
MTR0800,Central,Commercial,7/5/2025,514.59,29.81,84,Active,7.85
MTR0801,Central,Industrial,11/22/2025,4552.65,92.81,158,Faulty,8.36
MTR0802,Central,Commercial,8/24/2025,3362.54,216.91,82,Faulty,5.13
MTR0803,East,Commercial,12/29/2025,4154.97,85.38,94,Active,8.68
MTR0804,West,Industrial,3/20/2025,4400.95,177.57,180,Active,5.06
MTR0805,South,Residential,8/11/2025,2880.27,65.83,31,Active,6.12
MTR0806,South,Residential,4/1/2025,2611.36,188.77,65,Active,8.09
MTR0807,Central,Residential,9/25/2025,2180.62,62.28,115,Faulty,7.85
MTR0808,Central,Industrial,11/30/2025,1618.89,73.28,137,Faulty,9.91
MTR0809,North,Commercial,5/19/2025,2201.25,199.46,129,Active,4.58
MTR0810,West,Industrial,11/12/2025,3880.7,110.17,59,Active,7.64
MTR0811,East,Industrial,10/3/2025,3029.52,168.75,16,Active,7.27
MTR0812,South,Commercial,9/5/2025,4467.99,213.28,95,Active,9.41
MTR0813,North,Residential,8/27/2025,2244.73,26.11,143,Active,4.09
MTR0814,North,Residential,8/12/2025,3055.09,248.53,15,Active,8.26
MTR0815,South,Industrial,10/31/2025,3174.97,51.48,45,Faulty,6.98
MTR0816,East,Residential,5/18/2025,2978.9,156.94,166,Faulty,4.92
MTR0817,North,Industrial,6/15/2025,3528.04,213.31,158,Faulty,6.32
MTR0818,North,Industrial,5/6/2025,1225.3,81.55,106,Active,5.34
MTR0819,West,Commercial,2/14/2025,2586.2,186.15,87,Active,7.06
MTR0820,East,Commercial,5/23/2025,565.91,18.56,128,Active,9.22
MTR0821,North,Commercial,8/19/2025,1953.33,21.29,138,Faulty,6.99
MTR0822,East,Industrial,5/5/2025,2463.95,185.07,118,Active,7.42
MTR0823,South,Commercial,8/26/2025,3278.51,190.84,84,Active,6.63
MTR0824,Central,Residential,10/19/2025,4755.13,405.38,3,Faulty,3.36
MTR0825,North,Residential,11/9/2025,3023.22,253.72,70,Active,4.63
MTR0826,West,Industrial,12/9/2025,3730.79,320.47,153,Faulty,6.44
MTR0827,South,Industrial,7/14/2025,2556.02,137.15,110,Faulty,5.17
MTR0828,East,Commercial,6/22/2025,3188.81,127.64,49,Active,4.27
MTR0829,South,Industrial,1/15/2025,401.11,32.59,139,Faulty,6.53
MTR0830,North,Industrial,9/11/2025,1309.24,66.27,94,Active,5.26
MTR0831,East,Residential,6/16/2025,1841.17,48.81,91,Faulty,4.81
MTR0832,Central,Residential,4/4/2025,2388.84,207.7,64,Active,6.25
MTR0833,South,Commercial,9/7/2025,275.96,24.68,46,Faulty,3.93
MTR0834,North,Industrial,4/19/2025,743.12,38.62,180,Active,9.49
MTR0835,West,Industrial,7/1/2025,1420.23,23.88,105,Faulty,9.07
MTR0836,East,Residential,5/13/2025,4859.09,218.19,129,Faulty,7.95
MTR0837,South,Industrial,6/24/2025,1690.17,139.13,105,Faulty,3.74
MTR0838,South,Residential,5/24/2025,2436.1,222.07,23,Active,8.43
MTR0839,Central,Commercial,11/2/2025,1020.68,28.9,3,Active,8.66
MTR0840,Central,Residential,12/26/2025,3073.36,49.26,107,Faulty,8.37
MTR0841,West,Industrial,5/22/2025,1439.38,128.05,18,Active,3.8
MTR0842,West,Commercial,10/12/2025,1074.61,48.41,153,Faulty,7.51
MTR0843,North,Residential,1/6/2025,2607.03,153.19,39,Active,8.84
MTR0844,North,Residential,9/22/2025,77.25,7.5,49,Faulty,7.04
MTR0845,West,Commercial,4/8/2025,87.94,1.41,170,Active,7.52
MTR0846,West,Commercial,2/13/2025,1134.39,77.53,74,Faulty,6.21
MTR0847,East,Residential,5/4/2025,231.77,3.86,11,Faulty,6.7
MTR0848,Central,Industrial,7/28/2025,584.73,25.61,26,Faulty,3.24
MTR0849,North,Residential,9/8/2025,1727.36,142.24,112,Faulty,7.47
MTR0850,Central,Commercial,10/12/2025,4022.8,197.17,48,Active,3.57
MTR0851,Central,Residential,5/4/2025,2881.64,287.43,143,Faulty,6.05
MTR0852,West,Commercial,12/20/2025,2587.71,156.08,129,Active,5.05
MTR0853,East,Commercial,9/1/2025,1502.77,58.46,59,Active,6.82
MTR0854,South,Industrial,11/27/2025,4662.18,138.98,29,Faulty,3.93
MTR0855,East,Commercial,12/31/2025,2015.22,83.73,83,Active,7.84
MTR0856,East,Commercial,9/9/2025,481.11,20.94,165,Active,8.57
MTR0857,Central,Industrial,8/18/2025,3104.48,50.24,27,Active,4.14
MTR0858,East,Commercial,1/9/2025,613.5,26.54,24,Faulty,3.73
MTR0859,North,Industrial,2/17/2025,1758.85,91.08,95,Active,4.02
MTR0860,Central,Industrial,5/31/2025,2561.69,192.25,124,Active,9.14
MTR0861,North,Commercial,4/24/2025,4377.4,302.5,9,Faulty,6.7
MTR0862,South,Commercial,7/27/2025,2493.06,183.96,41,Faulty,6.27
MTR0863,Central,Residential,12/21/2025,3526.18,37.92,39,Active,3.75
MTR0864,South,Industrial,5/5/2025,4964.44,146.9,76,Faulty,7.55
MTR0865,Central,Residential,6/6/2025,700.87,48.75,104,Active,9.08
MTR0866,West,Commercial,12/6/2025,1409.92,75.51,117,Active,8.8
MTR0867,East,Residential,10/25/2025,2003.15,20.99,41,Active,7.38
MTR0868,West,Industrial,7/8/2025,2138.05,176.18,46,Faulty,3.53
MTR0869,South,Residential,8/31/2025,2084.55,165.83,164,Active,3.79
MTR0870,East,Industrial,10/11/2025,4542.67,269.64,21,Faulty,3.35
MTR0871,Central,Commercial,9/29/2025,3584.46,57.29,106,Faulty,4.8
MTR0872,East,Commercial,6/26/2025,3059.13,241.63,26,Active,3.95
MTR0873,North,Industrial,8/6/2025,1581.39,98.89,40,Faulty,4.82
MTR0874,East,Commercial,10/9/2025,4127.76,331.77,79,Faulty,5.7
MTR0875,North,Commercial,6/19/2025,4777.55,371.01,161,Faulty,9.6
MTR0876,East,Commercial,6/30/2025,4114.93,338.54,159,Faulty,7.27
MTR0877,North,Commercial,12/26/2025,57.75,3.27,88,Faulty,8.84
MTR0878,South,Industrial,8/21/2025,3200.19,72.42,65,Active,7.97
MTR0879,West,Residential,5/19/2025,303.12,21.34,11,Faulty,3.79
MTR0880,Central,Residential,6/6/2025,1325.16,87.25,167,Active,8.15
MTR0881,East,Commercial,5/9/2025,344.65,26.47,72,Active,4.93
MTR0882,West,Residential,4/29/2025,3038.79,76.85,75,Active,7.47
MTR0883,Central,Residential,3/3/2025,3448.62,95,89,Active,5.39
MTR0884,Central,Commercial,4/9/2025,616.71,55.59,9,Active,9.98
MTR0885,North,Commercial,6/11/2025,1950,151.12,95,Active,4.84
MTR0886,South,Residential,3/3/2025,2308.37,211.77,175,Faulty,4.95
MTR0887,South,Industrial,10/2/2025,1876.81,146.92,19,Faulty,9.51
MTR0888,West,Commercial,12/20/2025,649.07,41.37,38,Faulty,3.17
MTR0889,South,Industrial,4/5/2025,2123.79,146.27,59,Active,7.88
MTR0890,East,Residential,4/9/2025,3768.33,339.23,65,Faulty,8.08
MTR0891,South,Commercial,4/21/2025,401.49,24.93,64,Faulty,8.85
MTR0892,West,Industrial,9/5/2025,446.89,29.9,178,Faulty,9.82
MTR0893,South,Commercial,5/22/2025,1806.12,43.5,123,Active,9.83
MTR0894,East,Residential,10/29/2025,4711.54,248.08,163,Faulty,3.46
MTR0895,North,Industrial,9/26/2025,3359.43,250.2,151,Active,8.75
MTR0896,West,Residential,11/2/2025,3409.42,117.23,154,Faulty,7.52
MTR0897,North,Residential,5/25/2025,1841.5,51.94,129,Active,7.53
MTR0898,North,Commercial,2/21/2025,2988.62,114.3,158,Active,3.9
MTR0899,North,Industrial,4/10/2025,100.15,3.18,56,Active,7.55
MTR0900,Central,Residential,6/1/2025,3198.68,93.86,77,Faulty,9.88
MTR0901,Central,Residential,4/27/2025,4570.77,220.48,28,Faulty,9.38
MTR0902,North,Industrial,7/4/2025,3082.24,282.66,14,Active,6.07
MTR0903,West,Residential,4/2/2025,4374.81,243.39,11,Faulty,3.28
MTR0904,East,Residential,6/4/2025,3633.67,97.79,100,Active,5.54
MTR0905,East,Industrial,1/8/2025,646.76,10.95,155,Active,8.78
MTR0906,South,Industrial,12/29/2025,4517.14,328.19,83,Faulty,7.91
MTR0907,West,Industrial,10/1/2025,378.9,16.84,124,Faulty,6.22
MTR0908,Central,Industrial,3/6/2025,2693.14,226.13,102,Faulty,3.39
MTR0909,North,Commercial,5/21/2025,753.58,52.27,23,Active,5.99
MTR0910,South,Industrial,1/24/2025,107.95,8.82,148,Active,6.28
MTR0911,East,Commercial,1/28/2025,2139.07,73.74,137,Faulty,9.5
MTR0912,Central,Commercial,10/11/2025,1510.45,109.22,109,Active,7.49
MTR0913,Central,Commercial,5/30/2025,2455.7,82.92,77,Faulty,5.18
MTR0914,North,Residential,12/24/2025,2907.14,274.77,100,Active,6.68
MTR0915,East,Commercial,3/6/2025,266.51,17.93,145,Faulty,3.46
MTR0916,West,Commercial,11/23/2025,658.87,25.83,141,Faulty,9.81
MTR0917,Central,Residential,9/9/2025,2815.28,96.44,161,Active,5.52
MTR0918,North,Residential,2/22/2025,1748.68,47.54,127,Faulty,6.35
MTR0919,West,Residential,1/7/2025,3659.41,265.37,57,Faulty,5.49
MTR0920,East,Industrial,10/21/2025,3278.84,97.33,75,Active,7.78
MTR0921,Central,Residential,5/26/2025,4235.74,269.3,149,Faulty,7.64
MTR0922,West,Residential,8/29/2025,3477.84,117.61,35,Active,8.01
MTR0923,West,Commercial,9/3/2025,2178.16,151.55,172,Faulty,4.88
MTR0924,West,Residential,8/14/2025,3381.18,281.8,163,Active,5.21
MTR0925,Central,Industrial,6/24/2025,1413.14,113.08,21,Faulty,3.88
MTR0926,Central,Residential,4/5/2025,1566.25,122.91,126,Faulty,7.59
MTR0927,South,Industrial,1/27/2025,3955.48,106.38,79,Faulty,3.28
MTR0928,East,Residential,5/10/2025,2259.78,40.57,99,Faulty,7.18
MTR0929,North,Residential,9/2/2025,4001.98,291.77,95,Active,9.09
MTR0930,West,Residential,2/28/2025,4120.99,177.83,160,Active,9.24
MTR0931,South,Residential,2/3/2025,4294.93,210.07,172,Active,6.14
MTR0932,North,Industrial,7/25/2025,4587.34,58.73,163,Active,6.22
MTR0933,South,Industrial,9/9/2025,2183.38,72.84,147,Active,3.54
MTR0934,Central,Commercial,2/7/2025,1628.39,21.22,17,Active,7.7
MTR0935,West,Industrial,10/23/2025,2931.88,261.31,37,Active,8.75
MTR0936,North,Residential,11/19/2025,1887.3,60.22,150,Faulty,4.71
MTR0937,North,Commercial,12/18/2025,3025.32,182,108,Faulty,5.95
MTR0938,North,Commercial,1/28/2025,3542.65,47.85,122,Faulty,8.87
MTR0939,North,Commercial,3/19/2025,3457.6,242.09,143,Faulty,9.14
MTR0940,North,Residential,3/18/2025,1904.04,74.4,148,Active,4.7
MTR0941,South,Industrial,10/16/2025,875.96,79.55,103,Active,6.85
MTR0942,West,Residential,6/5/2025,2181.12,196.15,139,Active,4.35
MTR0943,Central,Commercial,2/13/2025,755.84,29.69,143,Faulty,3.71
MTR0944,Central,Residential,5/8/2025,4455.98,405.88,80,Active,9.38
MTR0945,Central,Residential,3/2/2025,1762.09,175.6,86,Faulty,8.74
MTR0946,Central,Industrial,10/13/2025,814.58,68.66,141,Active,8.32
MTR0947,South,Industrial,8/2/2025,175.97,15.14,60,Active,3.34
MTR0948,East,Commercial,11/7/2025,3246.82,105.23,45,Active,8.91
MTR0949,West,Residential,11/2/2025,3202.67,198.26,31,Active,6.07
MTR0950,North,Residential,11/13/2025,1735.99,27.87,14,Faulty,5.4
MTR0951,East,Industrial,4/26/2025,404.97,7.51,43,Faulty,6.83
MTR0952,Central,Residential,9/25/2025,2077.66,207.56,144,Active,3.64
MTR0953,East,Residential,7/14/2025,1590.53,62.66,168,Faulty,8.3
MTR0954,West,Residential,8/19/2025,3401.75,263.08,53,Active,7.08
MTR0955,North,Industrial,8/15/2025,3048.61,251.81,43,Active,4.31
MTR0956,North,Commercial,6/2/2025,1854.74,161.77,97,Active,4.32
MTR0957,West,Commercial,10/29/2025,1128.57,112.62,4,Active,4.29
MTR0958,West,Residential,8/8/2025,4940.78,156.79,108,Faulty,3.4
MTR0959,Central,Commercial,6/6/2025,2297.31,31.32,26,Active,7.11
MTR0960,North,Industrial,10/19/2025,3456.96,162.5,115,Active,8.88
MTR0961,East,Industrial,11/14/2025,745.74,16.19,86,Faulty,3.12
MTR0962,South,Commercial,1/31/2025,2453.67,29.49,103,Active,3.34
MTR0963,South,Commercial,11/9/2025,186.31,7.91,122,Faulty,7.01
MTR0964,West,Residential,2/20/2025,2552,205.53,78,Active,8.74
MTR0965,Central,Commercial,4/17/2025,4821.89,293.92,42,Active,5.29
MTR0966,South,Residential,11/17/2025,1951.82,74.46,96,Active,5.45
MTR0967,North,Residential,4/19/2025,243.03,16.74,30,Active,7.17
MTR0968,West,Industrial,5/16/2025,203.23,6.28,98,Active,4.92
MTR0969,East,Industrial,12/5/2025,1970.53,22.26,16,Active,3.19
MTR0970,West,Industrial,2/11/2025,842.12,66.35,82,Faulty,8.15
MTR0971,East,Industrial,3/22/2025,165.59,10.95,109,Active,7.38
MTR0972,West,Commercial,5/3/2025,3793.26,298.18,31,Faulty,7.07
MTR0973,West,Industrial,3/30/2025,2319.69,31.33,167,Faulty,8.19
MTR0974,West,Commercial,10/10/2025,1481.76,126.45,140,Active,7.73
MTR0975,East,Industrial,2/8/2025,4505.41,296.26,34,Faulty,4.44
MTR0976,East,Commercial,3/22/2025,624.89,37.93,132,Active,5.47
MTR0977,West,Residential,1/2/2025,4781.8,316.63,28,Faulty,3.88
MTR0978,South,Commercial,7/29/2025,1604.14,140.84,69,Active,3.91
MTR0979,Central,Commercial,8/19/2025,4447.6,279.42,152,Faulty,7.73
MTR0980,Central,Industrial,12/19/2025,3034.57,189.01,94,Faulty,9.01
MTR0981,Central,Commercial,11/1/2025,4142.2,410.75,21,Active,9.74
MTR0982,East,Residential,8/29/2025,4920.87,384.35,172,Faulty,7.4
MTR0983,East,Residential,5/30/2025,1477.61,73.59,68,Active,4.29
MTR0984,South,Industrial,1/17/2025,4807.62,354.16,88,Active,3.74
MTR0985,Central,Residential,4/29/2025,1977.94,89.07,71,Active,8.69
MTR0986,Central,Commercial,5/28/2025,1958.28,59.92,128,Active,7.05
MTR0987,West,Residential,12/28/2025,1734.92,110.54,171,Active,7.33
MTR0988,East,Industrial,5/25/2025,2729.97,255.35,86,Faulty,8.47
MTR0989,Central,Commercial,12/26/2025,813.02,76.12,95,Faulty,7.92
MTR0990,South,Industrial,8/21/2025,2790.87,113.79,74,Faulty,8.84
MTR0991,South,Commercial,2/6/2025,2731.44,157.03,166,Active,3.39
MTR0992,Central,Residential,12/18/2025,3821.41,111,53,Faulty,8.23
MTR0993,East,Industrial,4/30/2025,4176.57,416.01,87,Faulty,8.96
MTR0994,South,Industrial,5/16/2025,2230.18,219.23,156,Faulty,5
MTR0995,West,Commercial,11/17/2025,1546.55,105.87,53,Faulty,7.48
MTR0996,South,Industrial,10/29/2025,1333.71,109.89,15,Faulty,5.2
MTR0997,North,Commercial,12/5/2025,1013.39,75.35,98,Active,9.71
MTR0998,North,Commercial,4/12/2025,335.36,21.26,19,Active,3.23
MTR0999,East,Commercial,8/6/2025,1745.12,25.83,45,Faulty,7.06
MTR1000,Central,Commercial,2/28/2025,1387.73,70.68,126,Active,4.17
